{
 "type": "block",
 "layer": 6,
 "block": 0,
 "features": [
  {
   "geom": {
    "polygons": [
     [
      [
       [
        6.34001728410648,
        -13.928229718765385
       ],
       [
        6.7430876824647985,
        -14.014068785047353
       ],
       [
        6.705766349290487,
        -14.183880851045954
       ],
       [
        6.293365617645364,
        -14.09244358474318
       ],
       [
        6.34001728410648,
        -13.928229718765385
       ]
      ]
     ]
    ],
    "centroids": [
     [
      6.521160502156964,
      -14.05515296891926,
      0.48374204449385955
     ]
    ],
    "h": 0.1743751309827024
   },
   "mtl": {
    "face": 0,
    "border": 1
   }
  },
  {
   "geom": {
    "polygons": [
     [
      [
       [
        -4.431852504867617,
        5.054333369965564
       ],
       [
        -4.265772572243298,
        5.017012036764187
       ],
       [
        -4.314290305378021,
        4.772557304416964
       ],
       [
        -4.48783450466968,
        4.80054830430446
       ],
       [
        -4.431852504867617,
        5.054333369965564
       ]
      ]
     ]
    ],
    "centroids": [
     [
      -4.375661039867973,
      4.910578613760083,
      0.3395113156657426
     ]
    ],
    "h": 0.1743751309827024
   },
   "mtl": {
    "face": 0,
    "border": 1
   }
  },
  {
   "geom": {
    "polygons": [
     [
      [
       [
        4.894748656742609,
        9.812803350299253
       ],
       [
        5.155997989016903,
        9.708303617389525
       ],
       [
        5.103748122562046,
        9.566482551332557
       ],
       [
        4.872355856848854,
        9.656053750961727
       ],
       [
        4.894748656742609,
        9.812803350299253
       ]
      ]
     ]
    ],
    "centroids": [
     [
      5.006702360760029,
      9.687611297556257,
      0.41021923510430436
     ]
    ],
    "h": 0.1743751309827024
   },
   "mtl": {
    "face": 0,
    "border": 1
   }
  },
  {
   "geom": {
    "polygons": [
     [
      [
       [
        12.250783426511191,
        4.998351370028161
       ],
       [
        12.623996758308397,
        4.6736557713656435
       ],
       [
        12.478443558904239,
        4.535566838601746
       ],
       [
        12.108962360427167,
        4.856530303971195
       ],
       [
        12.250783426511191,
        4.998351370028161
       ]
      ]
     ]
    ],
    "centroids": [
     [
      12.36561842663495,
      4.766201120718159,
      0.4432778481432056
     ]
    ],
    "h": 0.1743751309827024
   },
   "mtl": {
    "face": 0,
    "border": 1
   }
  },
  {
   "geom": {
    "polygons": [
     [
      [
       [
        -2.750077262391948,
        -9.111785644290268
       ],
       [
        -2.807278179543471,
        -9.27936355849935
       ],
       [
        -3.479155370768555,
        -9.069413211800894
       ],
       [
        -3.4244045190279904,
        -8.905115459933338
       ],
       [
        -2.750077262391948,
        -9.111785644290268
       ]
      ]
     ]
    ],
    "centroids": [
     [
      -3.11398434331307,
      -9.091777008633342,
      0.9839892408557421
     ]
    ],
    "h": 0.1743751309827024
   },
   "mtl": {
    "face": 0,
    "border": 1
   }
  },
  {
   "geom": {
    "polygons": [
     [
      [
       [
        -6.7747583553031285,
        -0.6003784015069202
       ],
       [
        -6.939506984957084,
        -0.6058336541351461
       ],
       [
        -6.931869631391247,
        0.07934607724779193
       ],
       [
        -6.739844738542022,
        0.08807448143130046
       ],
       [
        -6.766575476496123,
        -0.6014694520433919
       ],
       [
        -6.7747583553031285,
        -0.6003784015069202
       ]
      ]
     ]
    ],
    "centroids": [
     [
      -6.844234102534841,
      -0.2536908341114518,
      0.14349520721986841
     ]
    ],
    "h": 0.1743751309827024
   },
   "mtl": {
    "face": 0,
    "border": 1
   }
  },
  {
   "geom": {
    "polygons": [
     [
      [
       [
        -16.916073008960264,
        0.6128697850896274
       ],
       [
        -16.918255110006143,
        0.8125320315859088
       ],
       [
        -16.775327490919228,
        0.8125320315317699
       ],
       [
        -16.772054339336883,
        0.6117787345531558
       ],
       [
        -16.916073008960264,
        0.6128697850896274
       ]
      ]
     ]
    ],
    "centroids": [
     [
      -16.8453608707888,
      0.7123027465645381,
      0.0
     ]
    ],
    "h": 0.1743751309827024
   },
   "mtl": {
    "face": 0,
    "border": 1
   }
  }
 ]
}